site,STIC,sublocation,month,windowLength_days,prcData,prcWet,meanTemp_C
01M01,01M01_1,HS,June,7,1,1,14.99187221396731
01M01,01M01_1,HS,June,14,1,1,15.526542750929368
01M01,01M01_1,HS,June,21,0.6668319286068418,1,15.526542750929368
01M02,01M02_1,HS,June,7,1,1,15.000876671619613
01M02,01M02_1,HS,June,14,1,1,15.621546468401487
01M02,01M02_1,HS,June,21,0.6668319286068418,1,15.621546468401487
01M03,01M03_1,HS,June,7,1,1,16.58707280832095
01M03,01M03_2,LS,June,7,1,1,16.297964338781576
01M03,01M03_1,HS,June,14,1,1,16.8150780669145
01M03,01M03_2,LS,June,14,1,1,16.583263940520446
01M03,01M03_1,HS,June,21,0.714427367377293,1,16.89144344205413
01M03,01M03_2,LS,June,21,0.714427367377293,1,16.665183900069398
01M04,01M04_2,LS,June,7,1,1,16.351218424962852
01M04,01M04_2,LS,June,14,1,1,16.628193308550188
01M04,01M04_2,LS,June,21,0.714427367377293,1,16.708147120055518
01M05,01M05_1,HS,June,7,1,0.9821693907875185,15.997087667161962
01M05,01M05_1,HS,June,14,1,0.9910780669144982,16.13474349442379
01M05,01M05_1,HS,June,21,0.714427367377293,0.9916724496877168,16.19757807078418
01M06,01M06_1,HS,June,7,1,1,14.768796433878158
01M06,01M06_1,HS,June,14,1,1,15.059018587360594
01M06,01M06_1,HS,June,21,0.714427367377293,1,15.157855655794586
02M01,02M01_2,LS,June,7,1,1,15.833462109955423
02M01,02M01_2,LS,June,14,1,1,16.469330855018587
02M01,02M01_2,LS,June,21,0.6668319286068418,1,16.469330855018587
02M02,02M02_1,HS,June,7,1,1,15.724992570579495
02M02,02M02_1,HS,June,14,1,1,16.301613382899628
02M02,02M02_1,HS,June,21,0.6668319286068418,1,16.301613382899628
02M03,02M03_1,HS,June,7,1,1,15.896092124814265
02M03,02M03_1,HS,June,14,1,1,16.389382899628252
02M03,02M03_1,HS,June,21,0.6668319286068418,1,16.389382899628252
02M06,02M06_1,HS,June,7,1,1,16.08588410104012
02M06,02M06_2,LS,June,7,1,1,16.019078751857354
02M06,02M06_1,HS,June,14,1,1,16.222185873605948
02M06,02M06_2,LS,June,14,1,1,16.15700371747212
02M06,02M06_1,HS,June,21,0.714427367377293,1,16.26795281054823
02M06,02M06_2,LS,June,21,0.714427367377293,1,16.203469812630118
02M07,02M07_1,HS,June,7,1,1,15.519034175334324
02M07,02M07_1,HS,June,14,1,1,15.692921933085502
02M07,02M07_1,HS,June,21,0.714427367377293,1,15.73883414295628
02M08,02M08_1,HS,June,7,1,1,15.384665676077265
02M08,02M08_2,LS,June,7,1,1,17.03635958395245
02M08,02M08_1,HS,June,14,1,1,15.593710037174722
02M08,02M08_2,LS,June,14,1,1,17.549516728624535
02M08,02M08_1,HS,June,21,0.714427367377293,1,15.6488133240805
02M08,02M08_2,LS,June,21,0.714427367377293,1,17.651908396946563
02M09,02M09_1,HS,June,7,1,1,15.527295690936107
02M09,02M09_1,HS,June,14,1,1,15.623434944237918
02M09,02M09_1,HS,June,21,0.714427367377293,1,15.666800832755031
02M10,02M10_1,HS,June,7,1,1,15.429851411589896
02M10,02M10_2,LS,June,7,1,1,15.423506686478454
02M10,02M10_1,HS,June,14,1,1,15.631234200743494
02M10,02M10_2,LS,June,14,1,1,15.628490706319702
02M10,02M10_1,HS,June,21,0.714427367377293,1,15.688702290076336
02M10,02M10_2,LS,June,21,0.714427367377293,1,15.685392088827204
02M11,02M11_1,HS,June,7,1,1,18.038008915304605
02M11,02M11_2,LS,June,7,1,1,16.0462852897474
02M11,02M11_1,HS,June,14,1,1,17.57932342007435
02M11,02M11_2,LS,June,14,1,1,15.96974721189591
02M11,02M11_1,HS,June,21,0.714427367377293,1,17.58943789035392
02M11,02M11_2,LS,June,21,0.714427367377293,1,15.983365718251214
04M01,04M01_1,HS,June,7,1,1,15.259732540861814
04M01,04M01_2,LS,June,7,1,1,15.25184249628529
04M01,04M01_1,HS,June,14,0.8572490706319703,1,15.886782307025152
04M01,04M01_2,LS,June,14,0.8572490706319703,1,15.879323503902862
04M01,04M01_1,HS,June,21,0.5716410510659395,1,15.886782307025152
04M01,04M01_2,LS,June,21,0.5716410510659395,1,15.879323503902862
04M02,04M02_1,HS,June,7,1,1,15.279762258543833
04M02,04M02_2,LS,June,7,1,1,15.18851411589896
04M02,04M02_1,HS,June,14,1,1,15.738617100371748
04M02,04M02_2,LS,June,14,1,1,15.648721189591079
04M02,04M02_1,HS,June,21,0.6668319286068418,1,15.738617100371748
04M02,04M02_2,LS,June,21,0.6668319286068418,1,15.648721189591079
04M03,04M03_1,HS,June,7,1,1,15.052347696879643
04M03,04M03_1,HS,June,14,1,1,15.629479553903346
04M03,04M03_1,HS,June,21,0.6668319286068418,1,15.629479553903346
04M04,04M04_1,HS,June,7,1,1,14.938365527488855
04M04,04M04_1,HS,June,14,1,1,15.365970260223047
04M04,04M04_1,HS,June,21,0.6668319286068418,1,15.365970260223047
04M05,04M05_1,HS,June,7,1,1,14.804101040118871
04M05,04M05_1,HS,June,14,1,1,15.180223048327138
04M05,04M05_1,HS,June,21,0.6668319286068418,1,15.180223048327138
04M06,04M06_1,HS,June,7,1,1,15.112154531946508
04M06,04M06_2,LS,June,7,1,1,15.134903417533433
04M06,04M06_1,HS,June,14,1,0.5940520446096654,17.152550185873604
04M06,04M06_2,LS,June,14,1,0.5940520446096654,17.116126394052046
04M06,04M06_1,HS,June,21,0.714427367377293,0.5544760582928522,17.47975711311589
04M06,04M06_2,LS,June,21,0.714427367377293,0.5544760582928522,17.453011797362944
04M07,04M07_1,HS,June,7,1,1,14.79667161961367
04M07,04M07_1,HS,June,14,1,1,14.993420074349443
04M07,04M07_1,HS,June,21,0.714427367377293,1,15.029389312977099
04M08,04M08_1,HS,June,7,1,1,14.762377414561664
04M08,04M08_2,LS,June,7,1,1,14.771961367013374
04M08,04M08_1,HS,June,14,1,1,14.944275092936802
04M08,04M08_2,LS,June,14,1,1,14.956587360594796
04M08,04M08_1,HS,June,21,0.714427367377293,1,14.971089521165856
04M08,04M08_2,LS,June,21,0.714427367377293,1,14.983518390006939
04M09,04M09_1,HS,June,7,1,1,15.462005943536404
04M09,04M09_2,LS,June,7,1,1,15.297325408618129
04M09,04M09_1,HS,June,14,1,1,15.598282527881041
04M09,04M09_2,LS,June,14,1,1,15.442304832713754
04M09,04M09_1,HS,June,21,0.714427367377293,1,15.636210964607912
04M09,04M09_2,LS,June,21,0.714427367377293,1,15.479077029840388
04M10,04M10_1,HS,June,7,1,1,15.497355126300148
04M10,04M10_2,LS,June,7,1,1,15.369673105497771
04M10,04M10_1,HS,June,14,1,1,15.618951672862453
04M10,04M10_2,LS,June,14,1,1,15.492081784386617
04M10,04M10_1,HS,June,21,0.714427367377293,1,15.659646079111727
04M10,04M10_2,LS,June,21,0.714427367377293,1,15.53321998612075
04M11,04M11_1,HS,June,7,1,1,15.803254086181278
04M11,04M11_1,HS,June,14,1,1,15.5353531598513
04M11,04M11_1,HS,June,21,0.7620228061477442,1,15.598640208197788
04M12,04M12_1,HS,June,7,1,1,15.048722139673105
04M12,04M12_2,LS,June,7,1,1,14.084873699851412
04M12,04M12_1,HS,June,14,1,1,15.04682527881041
04M12,04M12_2,LS,June,14,1,1,14.222446096654275
04M12,04M12_1,HS,June,21,0.7620228061477442,1,15.21936239427456
04M12,04M12_2,LS,June,21,0.7620228061477442,1,14.310559531554977
04M13,04M13_1,HS,June,7,1,0.18573551263001487,20.937132243684992
04M13,04M13_1,HS,June,14,1,0.1895910780669145,19.983620817843867
04M13,04M13_1,HS,June,21,0.7620228061477442,0.29082628497072216,20.19476903057905
04T01,04T01_1,HS,June,7,1,0.6210995542347697,16.21178306092125
04T01,04T01_2,LS,June,7,1,0.7563150074294205,16.904249628528977
04T01,04T01_1,HS,June,14,0.9286245353159851,0.6869495596477182,17.83773418734988
04T01,04T01_2,LS,June,14,0.9286245353159851,0.7926341072858286,18.055540432345875
04T01,04T01_1,HS,June,21,0.6192364898363907,0.6869495596477182,17.83773418734988
04T01,04T01_2,LS,June,21,0.6192364898363907,0.7926341072858286,18.055540432345875
04T02,04T02_1,HS,June,7,0.8276374442793462,1,16.336624775583484
04T02,04T02_2,LS,June,7,1,1,16.632020802377415
04T02,04T02_1,HS,June,14,0.9137546468401487,1,16.268030919446705
04T02,04T02_2,LS,June,14,1,1,16.339546468401487
04T02,04T02_1,HS,June,21,0.7045116509667824,1,16.363180858550315
04T02,04T02_2,LS,June,21,0.7620228061477442,1,16.392081977878984
04W01,04W01_1,HS,June,7,1,0.6849925705794948,19.60074294205052
04W01,04W01_1,HS,June,14,1,0.8423791821561338,18.54882527881041
04W01,04W01_1,HS,June,21,0.7620228061477442,0.8620689655172413,18.55940143135979
04W02,04W02_1,HS,June,7,1,1,16.493358098068352
04W02,04W02_2,LS,June,7,1,1,16.43032689450223
04W02,04W02_1,HS,June,14,1,1,16.48085501858736
04W02,04W02_2,LS,June,14,1,1,16.467687732342007
04W02,04W02_1,HS,June,21,0.7620228061477442,1,16.588243331164605
04W02,04W02_2,LS,June,21,0.7620228061477442,1,16.580078074170462
04W03,04W03_1,HS,June,7,1,1,17.07074294205052
04W03,04W03_1,HS,June,14,1,1,16.917553903345723
04W03,04W03_1,HS,June,21,0.7620228061477442,1,16.97934938191282
04W04,04W04_1,HS,June,7,1,0.08766716196136701,17.814249628528973
04W04,04W04_2,LS,June,7,1,1,17.623462109955423
04W04,04W04_1,HS,June,14,1,0.3353159851301115,17.18182156133829
04W04,04W04_2,LS,June,14,1,1,17.447122676579927
04W04,04W04_1,HS,June,21,0.7620228061477442,0.4183474300585556,17.344072869225766
04W04,04W04_2,LS,June,21,0.7620228061477442,1,17.56594664931685
20M01,20M01_1,HS,June,7,1,0.14561664190193166,16.672867756315007
20M01,20M01_1,HS,June,14,1,0.18587360594795538,18.721197026022306
20M01,20M01_1,HS,June,21,0.6668319286068418,0.18587360594795538,18.721197026022306
20M02,20M02_1,HS,June,7,1,1,14.591203566121843
20M02,20M02_1,HS,June,14,1,1,15.598312267657992
20M02,20M02_1,HS,June,21,0.6668319286068418,1,15.598312267657992
20M03,20M03_1,HS,June,7,0.6790490341753344,1,14.702363238512035
20M03,20M03_1,HS,June,14,0.8394052044609666,0.8848538529672276,17.075367581930912
20M03,20M03_1,HS,June,21,0.5597421913733267,0.8848538529672276,17.075367581930912
20M04,20M04_1,HS,June,7,1,1,15.988112927191679
20M04,20M04_2,LS,June,7,1,1,15.982466567607727
20M04,20M04_1,HS,June,14,1,1,16.32228252788104
20M04,20M04_2,LS,June,14,1,1,16.355516728624536
20M04,20M04_1,HS,June,21,0.714427367377293,1,16.37583622484386
20M04,20M04_2,LS,June,21,0.714427367377293,1,16.414052741151977
20M05,20M05_1,HS,June,7,1,1,15.844323922734027
20M05,20M05_2,LS,June,7,1,1,15.966196136701337
20M05,20M05_1,HS,June,14,1,1,16.17125650557621
20M05,20M05_2,LS,June,14,1,1,16.30246096654275
20M05,20M05_1,HS,June,21,0.714427367377293,1,16.241644691186675
20M05,20M05_2,LS,June,21,0.714427367377293,1,16.37409437890354
SFM01,SFM01_1,HS,June,7,1,1,14.959034175334324
SFM01,SFM01_2,LS,June,7,1,1,13.013135215453195
SFM01,SFM01_1,HS,June,14,0.9286245353159851,1,15.773722978382706
SFM01,SFM01_2,LS,June,14,0.9286245353159851,1,12.873658927141713
SFM01,SFM01_1,HS,June,21,0.6192364898363907,1,15.773722978382706
SFM01,SFM01_2,LS,June,21,0.6192364898363907,1,12.873658927141713
SFM02,SFM02_1,HS,June,7,1,1,14.996493313521546
SFM02,SFM02_2,LS,June,7,1,1,15.214873699851411
SFM02,SFM02_1,HS,June,14,0.9286245353159851,1,15.851529223378703
SFM02,SFM02_2,LS,June,14,0.9286245353159851,1,15.803722978382707
SFM02,SFM02_1,HS,June,21,0.6192364898363907,1,15.851529223378703
SFM02,SFM02_2,LS,June,21,0.6192364898363907,1,15.803722978382707
SFM03,SFM03_2,LS,June,7,1,1,15.15369985141159
SFM03,SFM03_2,LS,June,14,1,1,15.878171003717473
SFM03,SFM03_2,LS,June,21,0.6668319286068418,1,15.878171003717473
SFM04,SFM04_1,HS,June,7,1,1,15.096136701337295
SFM04,SFM04_1,HS,June,14,1,1,15.709992565055762
SFM04,SFM04_1,HS,June,21,0.6668319286068418,1,15.709992565055762
SFM05,SFM05_1,HS,June,7,1,1,15.284621099554235
SFM05,SFM05_2,LS,June,7,1,1,15.364843982169392
SFM05,SFM05_1,HS,June,14,1,1,15.923583643122676
SFM05,SFM05_2,LS,June,14,1,1,16.00435687732342
SFM05,SFM05_1,HS,June,21,0.6668319286068418,1,15.923583643122676
SFM05,SFM05_2,LS,June,21,0.6668319286068418,1,16.00435687732342
SFM07,SFM07_1,HS,June,7,1,1,15.392020802377415
SFM07,SFM07_1,HS,June,14,1,1,16.036914498141265
SFM07,SFM07_1,HS,June,21,0.6668319286068418,1,16.036914498141265
SFT01,SFT01_1,HS,June,7,1,1,15.790668647845468
SFT01,SFT01_1,HS,June,14,1,1,16.041130111524165
SFT01,SFT01_1,HS,June,21,0.714427367377293,1,16.111013185287995
SFT02,SFT02_1,HS,June,7,1,1,16.268588410104012
SFT02,SFT02_2,LS,June,7,1,1,15.987726597325409
SFT02,SFT02_1,HS,June,14,1,0.9836431226765799,16.670163568773233
SFT02,SFT02_2,LS,June,14,1,1,16.3148624535316
SFT02,SFT02_1,HS,June,21,0.714427367377293,0.9847328244274809,16.708126301179735
SFT02,SFT02_2,LS,June,21,0.714427367377293,1,16.363372657876475
01M01,01M01_1,HS,July,7,1,0.6196136701337296,23.859509658246658
01M01,01M01_1,HS,July,14,1,0.7992565055762082,24.38889219330855
01M01,01M01_1,HS,July,21,1,0.7734258800198315,24.37854734754586
01M02,01M02_1,HS,July,7,1,0,24.643907875185736
01M02,01M02_1,HS,July,14,1,0,24.850988847583643
01M02,01M02_1,HS,July,21,1,0,24.550570153693606
01M03,01M03_1,HS,July,7,1,0,24.250416047548292
01M03,01M03_2,LS,July,7,1,0,23.42955423476969
01M03,01M03_1,HS,July,14,1,0,24.714520446096653
01M03,01M03_2,LS,July,14,1,0,23.831799256505576
01M03,01M03_1,HS,July,21,1,0,24.641090728805157
01M03,01M03_2,LS,July,21,1,0,23.834774417451662
01M04,01M04_2,LS,July,7,1,0,26.380133729569092
01M04,01M04_2,LS,July,14,1,0,26.80699628252788
01M04,01M04_2,LS,July,21,1,0,26.367278135845314
01M05,01M05_1,HS,July,7,1,0,25.464710252600298
01M05,01M05_1,HS,July,14,1,0.058736059479553904,25.07336059479554
01M05,01M05_1,HS,July,21,1,0.09667823500247893,25.11593455627169
01M06,01M06_1,HS,July,7,1,0,23.033833580980684
01M06,01M06_1,HS,July,14,1,0,23.198185873605947
01M06,01M06_1,HS,July,21,1,0.17947446703024295,22.870892414476945
02M01,02M01_2,LS,July,7,1,0,24.83931649331352
02M01,02M01_2,LS,July,14,1,0,24.835472118959107
02M01,02M01_2,LS,July,21,1,0,25.047739216658403
02M02,02M02_1,HS,July,7,1,0.017830609212481426,23.740089153046064
02M02,02M02_1,HS,July,14,1,0.008921933085501859,23.85296654275093
02M02,02M02_1,HS,July,21,1,0.005949429846306396,23.77779375309866
02M03,02M03_1,HS,July,7,1,0.0014858841010401188,23.803506686478453
02M03,02M03_1,HS,July,14,1,7.434944237918215e-4,23.73695910780669
02M03,02M03_1,HS,July,21,1,4.957858205255329e-4,23.597486365889935
02M06,02M06_1,HS,July,7,1,0.27786032689450224,24.509613670133728
02M06,02M06_2,LS,July,7,1,1,23.551263001485886
02M06,02M06_1,HS,July,14,1,0.6371747211895911,24.06292936802974
02M06,02M06_2,LS,July,14,1,1,22.934185873605948
02M06,02M06_1,HS,July,21,1,0.7580565195835399,23.574734754586018
02M06,02M06_2,LS,July,21,1,1,22.44347050074368
02M07,02M07_1,HS,July,7,1,1,17.942407132243684
02M07,02M07_1,HS,July,14,1,1,17.346609665427508
02M07,02M07_1,HS,July,21,1,1,16.934060485870106
02M08,02M08_1,HS,July,7,1,0,25.663848439821695
02M08,02M08_2,LS,July,7,1,0.0014858841010401188,24.962511144130758
02M08,02M08_1,HS,July,14,1,0,26.078869888475836
02M08,02M08_2,LS,July,14,1,7.434944237918215e-4,25.275814126394053
02M08,02M08_1,HS,July,21,1,0,26.128562221120475
02M08,02M08_2,LS,July,21,1,4.957858205255329e-4,25.202022806147745
02M09,02M09_1,HS,July,7,1,0.9331352154531947,23.894591381872214
02M09,02M09_1,HS,July,14,1,0.966542750929368,23.389115241635686
02M09,02M09_1,HS,July,21,1,0.977689638076351,22.74777392166584
02M10,02M10_1,HS,July,7,1,1,22.693937592867755
02M10,02M10_2,LS,July,7,1,1,21.60735512630015
02M10,02M10_1,HS,July,14,1,1,21.606438661710037
02M10,02M10_2,LS,July,14,1,1,20.367732342007436
02M10,02M10_1,HS,July,21,1,1,20.64922657411998
02M10,02M10_2,LS,July,21,1,1,19.61046108081309
02M11,02M11_1,HS,July,7,1,1,25.658811292719168
02M11,02M11_2,LS,July,7,1,1,21.95306092124814
02M11,02M11_1,HS,July,14,1,1,25.989576208178438
02M11,02M11_2,LS,July,14,1,1,21.631881040892193
02M11,02M11_1,HS,July,21,1,1,25.78277144273674
02M11,02M11_2,LS,July,21,1,1,21.51852751611304
04M01,04M01_1,HS,July,7,1,1,21.632169390787517
04M01,04M01_2,LS,July,7,1,1,20.481946508172364
04M01,04M01_1,HS,July,14,1,1,21.195739776951672
04M01,04M01_2,LS,July,14,1,1,20.28988847583643
04M01,04M01_1,HS,July,21,1,1,21.042072384729796
04M01,04M01_2,LS,July,21,1,1,20.292429350520575
04M02,04M02_1,HS,July,7,1,1,20.27549777117385
04M02,04M02_2,LS,July,7,1,1,19.906225854383358
04M02,04M02_1,HS,July,14,1,1,20.10282527881041
04M02,04M02_2,LS,July,14,1,1,19.72036431226766
04M02,04M02_1,HS,July,21,1,1,20.486727813584533
04M02,04M02_2,LS,July,21,1,1,20.10992563212692
04M03,04M03_1,HS,July,7,1,0.004457652303120356,24.83072808320951
04M03,04M03_1,HS,July,14,1,0.0022304832713754648,25.05842379182156
04M03,04M03_1,HS,July,21,1,0.001487357461576599,25.112756569162123
04M04,04M04_1,HS,July,7,1,1,21.62111441307578
04M04,04M04_1,HS,July,14,1,1,21.056587360594797
04M04,04M04_1,HS,July,21,1,1,20.552012890431335
04M05,04M05_1,HS,July,7,1,1,19.585661218424963
04M05,04M05_1,HS,July,14,1,1,19.171159851301116
04M05,04M05_1,HS,July,21,1,1,18.79258304412494
04M06,04M06_1,HS,July,7,1,0,22.563046062407132
04M06,04M06_2,LS,July,7,1,1,20.314621099554234
04M06,04M06_1,HS,July,14,1,0,22.694200743494424
04M06,04M06_2,LS,July,14,1,1,20.261122676579927
04M06,04M06_1,HS,July,21,1,0,22.764328210213186
04M06,04M06_2,LS,July,21,1,1,20.243495290034705
04M07,04M07_1,HS,July,7,1,0,25.129836552748884
04M07,04M07_1,HS,July,14,1,0.020817843866171002,25.282810408921932
04M07,04M07_1,HS,July,21,1,0.29102627664848785,24.14969757064948
04M08,04M08_1,HS,July,7,1,0.7355126300148589,19.076151560178307
04M08,04M08_2,LS,July,7,1,1,17.0555720653789
04M08,04M08_1,HS,July,14,1,0.8676579925650557,18.619947955390334
04M08,04M08_2,LS,July,14,1,1,17.076810408921933
04M08,04M08_1,HS,July,21,1,0.9117501239464552,18.173336638572138
04M08,04M08_2,LS,July,21,1,1,16.97021814576103
04M09,04M09_1,HS,July,7,1,0,25.730906389301634
04M09,04M09_1,HS,July,14,1,0.11970260223048328,25.42695910780669
04M09,04M09_1,HS,July,21,1,0.3406048587010411,24.748805156172534
04M10,04M10_1,HS,July,7,1,0,23.114338781575036
04M10,04M10_2,LS,July,7,1,0.32540861812778604,21.592852897473996
04M10,04M10_1,HS,July,14,1,0,23.248156133828996
04M10,04M10_2,LS,July,14,1,0.25427509293680295,21.806089219330854
04M10,04M10_1,HS,July,21,1,0.19930589985126426,23.06220624690134
04M10,04M10_2,LS,July,21,1,0.496777392166584,21.707099652949925
04M11,04M11_1,HS,July,7,1,0.007429420505200594,25.056196136701338
04M11,04M11_1,HS,July,14,1,0.0037174721189591076,25.781301115241636
04M11,04M11_1,HS,July,21,1,0.18889439762022806,25.340153693604364
04M12,04M12_1,HS,July,7,1,0.3789004457652303,22.471768202080238
04M12,04M12_2,LS,July,7,1,1,21.111946508172363
04M12,04M12_1,HS,July,14,1,0.1895910780669145,24.124951672862455
04M12,04M12_2,LS,July,14,1,1,20.183167286245354
04M12,04M12_1,HS,July,21,1,0.29300941993059,24.074234010907286
04M12,04M12_2,LS,July,21,1,1,19.071740208230043
04M13,04M13_1,HS,July,7,1,0,26.367310549777116
04M13,04M13_1,HS,July,14,1,0,26.763368029739777
04M13,04M13_1,HS,July,21,1,0,26.618770451165098
04T01,04T01_1,HS,July,7,1,0,24.492882615156017
04T01,04T01_2,LS,July,7,1,0,26.793521545319464
04T01,04T01_1,HS,July,14,1,0,24.795583643122676
04T01,04T01_2,LS,July,14,1,0,27.535040892193308
04T01,04T01_1,HS,July,21,1,0,24.92701041150223
04T01,04T01_2,LS,July,21,1,0,27.500143777887953
04T02,04T02_2,LS,July,21,0.22310361923648983,0.5688888888888889,23.8428
04W01,04W01_1,HS,July,7,1,0,26.895215453194652
04W01,04W01_1,HS,July,14,1,0,27.416981412639405
04W01,04W01_1,HS,July,21,1,0,27.257119484382745
04W02,04W02_1,HS,July,7,1,0,23.027176820208023
04W02,04W02_2,LS,July,7,1,0.041604754829123326,21.85150074294205
04W02,04W02_1,HS,July,14,1,0,23.157122676579927
04W02,04W02_2,LS,July,14,1,0.428996282527881,21.920847583643123
04W02,04W02_1,HS,July,21,1,0.010411502231036193,23.00529003470501
04W02,04W02_2,LS,July,21,1,0.6192364898363907,21.80425384234011
04W03,04W03_1,HS,July,7,1,1,22.090787518573553
04W03,04W03_1,HS,July,14,1,1,21.450773234200742
04W03,04W03_1,HS,July,21,1,1,21.025210708973724
04W04,04W04_2,LS,July,7,1,1,21.22445765230312
04W04,04W04_2,LS,July,14,1,1,21.14031970260223
04W04,04W04_2,LS,July,21,1,1,20.726380763510164
20M01,20M01_1,HS,July,7,1,0,24.547607726597324
20M01,20M01_1,HS,July,14,1,0,24.40835687732342
20M01,20M01_1,HS,July,21,1,0,24.727704511650966
20M02,20M02_1,HS,July,7,1,0,21.467147102526003
20M02,20M02_1,HS,July,14,1,0,21.518401486988846
20M02,20M02_1,HS,July,21,1,0,21.801948438274664
20M04,20M04_1,HS,July,7,1,0,25.037964338781574
20M04,20M04_2,LS,July,7,1,0.010401188707280832,26.684873699851412
20M04,20M04_1,HS,July,14,1,0,25.105769516728625
20M04,20M04_2,LS,July,14,1,0.0052044609665427505,26.87272118959108
20M04,20M04_1,HS,July,21,1,0,25.237040158651464
20M04,20M04_2,LS,July,21,1,0.0034705007436787306,27.03775409023302
20M05,20M05_1,HS,July,7,1,0.8930163447251115,21.910579494799407
20M05,20M05_2,LS,July,7,1,0.9806835066864784,22.03552748885587
20M05,20M05_1,HS,July,14,1,0.9063197026022305,22.05385130111524
20M05,20M05_2,LS,July,14,1,0.9903345724907063,22.234728624535315
20M05,20M05_1,HS,July,21,1,0.9350520575111552,22.15302925136341
20M05,20M05_2,LS,July,21,1,0.993554784333168,22.309092711948438
SFM01,SFM01_1,HS,July,7,1,0.687964338781575,20.53156017830609
SFM01,SFM01_2,LS,July,7,1,1,15.26809806835067
SFM01,SFM01_1,HS,July,14,1,0.8438661710037175,18.78360594795539
SFM01,SFM01_2,LS,July,14,1,1,15.131323420074349
SFM01,SFM01_1,HS,July,21,1,0.895884977689638,18.182206246901337
SFM01,SFM01_2,LS,July,21,1,1,14.996296479920675
SFM02,SFM02_1,HS,July,7,1,0,23.490534918276374
SFM02,SFM02_2,LS,July,7,1,0,23.03780089153046
SFM02,SFM02_1,HS,July,14,1,0,23.507353159851302
SFM02,SFM02_2,LS,July,14,1,0,22.810371747211896
SFM02,SFM02_1,HS,July,21,1,0,23.423316807139315
SFM02,SFM02_2,LS,July,21,1,0.2860684184432325,21.37797223599405
SFM03,SFM03_2,LS,July,7,1,0,23.983536404160475
SFM03,SFM03_2,LS,July,14,1,0,23.715078066914497
SFM03,SFM03_2,LS,July,21,1,0.0480912245909767,23.070337134357956
SFM04,SFM04_1,HS,July,7,1,0,22.675839524517087
SFM04,SFM04_1,HS,July,14,1,0,22.56449814126394
SFM04,SFM04_1,HS,July,21,1,0.039167079821517105,22.308487853247396
SFM05,SFM05_1,HS,July,7,1,0.1575037147102526,23.90930163447251
SFM05,SFM05_2,LS,July,7,1,0.03714710252600297,24.814635958395247
SFM05,SFM05_1,HS,July,14,1,0.5055762081784386,23.257167286245352
SFM05,SFM05_2,LS,July,14,1,0.37100371747211897,24.13502602230483
SFM05,SFM05_1,HS,July,21,1,0.6703024293505205,22.570059494298462
SFM05,SFM05_2,LS,July,21,1,0.5805651958353991,23.252979672781358
SFM07,SFM07_1,HS,July,7,1,0.0014858841010401188,23.139598811292718
SFM07,SFM07_1,HS,July,14,1,7.434944237918215e-4,23.14175464684015
SFM07,SFM07_1,HS,July,21,1,4.957858205255329e-4,23.251110560237976
SFT01,SFT01_1,HS,July,7,1,0.14561664190193166,22.733075780089152
SFT01,SFT01_1,HS,July,14,1,0.48401486988847586,21.538371747211897
SFT01,SFT01_1,HS,July,21,1,0.6559246405552801,20.679598413485373
SFT02,SFT02_1,HS,July,7,1,0,26.631976225854384
SFT02,SFT02_2,LS,July,7,1,0.0237741456166419,26.16925705794948
SFT02,SFT02_1,HS,July,14,1,0,26.520654275092937
SFT02,SFT02_2,LS,July,14,1,0.011895910780669145,26.17917472118959
SFT02,SFT02_1,HS,July,21,1,0,26.45601883986118
SFT02,SFT02_2,LS,July,21,1,0.007932573128408527,26.23818046603867
01M01,01M01_1,HS,August,7,1,0.2526002971768202,24.943625557206538
01M01,01M01_1,HS,August,14,1,0.16728624535315986,25.478594795539035
01M01,01M01_1,HS,August,21,1,0.26574119980168565,25.309647992067426
01M02,01M02_1,HS,August,7,1,0,26.72472511144131
01M02,01M02_1,HS,August,14,1,0,27.326260223048326
01M02,01M02_1,HS,August,21,1,0,27.020946950917203
01M03,01M03_1,HS,August,7,1,0,26.620549777117386
01M03,01M03_2,LS,August,7,1,0,25.830089153046064
01M03,01M03_1,HS,August,14,1,0,26.848624535315984
01M03,01M03_2,LS,August,14,1,0,25.889026022304833
01M03,01M03_1,HS,August,21,1,0,26.89678235002479
01M03,01M03_2,LS,August,21,1,0,25.916772434308378
01M04,01M04_2,LS,August,7,1,0,28.20368499257058
01M04,01M04_2,LS,August,14,1,0,28.91710780669145
01M04,01M04_2,LS,August,21,1,0,29.126241943480416
01M05,01M05_1,HS,August,7,1,1,25.90111441307578
01M05,01M05_1,HS,August,14,1,1,26.166312267657993
01M05,01M05_1,HS,August,21,1,0.866137828458106,26.235364402578085
01M06,01M06_1,HS,August,7,1,0,25.417533432392272
01M06,01M06_1,HS,August,14,1,0,25.195806691449814
01M06,01M06_1,HS,August,21,1,0,25.143019335647
02M01,02M01_2,LS,August,7,1,0,26.020163447251115
02M01,02M01_2,LS,August,14,1,0,25.957078066914498
02M01,02M01_2,LS,August,21,1,0,26.009588497768963
02M02,02M02_1,HS,August,7,1,0,25.702555720653788
02M02,02M02_1,HS,August,14,1,0,25.66102602230483
02M02,02M02_1,HS,August,21,1,0,25.638542389687654
02M03,02M03_1,HS,August,7,1,0.008915304606240713,25.61512630014859
02M03,02M03_1,HS,August,14,1,0.0044609665427509295,25.6477843866171
02M03,02M03_1,HS,August,21,1,0.002974714923153198,25.528011898859692
02M06,02M06_1,HS,August,7,1,0,27.330505200594352
02M06,02M06_2,LS,August,7,1,1,26.577682020802378
02M06,02M06_1,HS,August,14,1,0,26.736765799256506
02M06,02M06_2,LS,August,14,1,1,26.554587360594795
02M06,02M06_1,HS,August,21,1,0.03767972235994051,26.881512146752602
02M06,02M06_2,LS,August,21,1,1,26.23312345066931
02M07,02M07_1,HS,August,7,1,1,24.69441307578009
02M07,02M07_1,HS,August,14,1,1,24.311620817843867
02M07,02M07_1,HS,August,21,1,1,23.07345066931086
02M08,02M08_1,HS,August,7,1,0,28.143447251114413
02M08,02M08_2,LS,August,7,1,0,27.290921248142645
02M08,02M08_1,HS,August,14,1,0,28.20174721189591
02M08,02M08_2,LS,August,14,1,0,27.447591078066914
02M08,02M08_1,HS,August,21,1,0,28.27005949429846
02M08,02M08_2,LS,August,21,1,0,27.515007436787307
02M09,02M09_1,HS,August,7,1,0.1277860326894502,26.83194650817236
02M09,02M09_1,HS,August,14,1,0.2728624535315985,26.412981412639404
02M09,02M09_1,HS,August,21,1,0.5071888943976203,26.20766980664353
02M10,02M10_1,HS,August,7,1,1,25.26218424962853
02M10,02M10_2,LS,August,7,1,0.4398216939078752,25.04739970282318
02M10,02M10_1,HS,August,14,1,1,25.52832713754647
02M10,02M10_2,LS,August,14,1,0.4884758364312268,25.046691449814126
02M10,02M10_1,HS,August,21,1,1,25.35174516608825
02M10,02M10_2,LS,August,21,1,0.6588993554784334,24.766693108577094
02M11,02M11_1,HS,August,7,1,1,26.492689450222883
02M11,02M11_2,LS,August,7,1,1,23.608722139673105
02M11,02M11_1,HS,August,14,1,1,27.06146468401487
02M11,02M11_2,LS,August,14,1,1,23.957472118959107
02M11,02M11_1,HS,August,21,1,1,27.247050074367873
02M11,02M11_2,LS,August,21,1,1,23.737089737233514
04M01,04M01_1,HS,August,7,1,0.9524517087667161,25.054725111441307
04M01,04M01_2,LS,August,7,1,1,24.361396731054977
04M01,04M01_1,HS,August,14,1,0.9762081784386617,24.74050557620818
04M01,04M01_2,LS,August,14,1,1,23.696423791821562
04M01,04M01_1,HS,August,21,1,0.984134853743183,23.886276648487854
04M01,04M01_2,LS,August,21,1,1,22.865949429846307
04M02,04M02_1,HS,August,7,1,1,24.709138187221395
04M02,04M02_2,LS,August,7,1,1,24.683759286775633
04M02,04M02_1,HS,August,14,1,0.9866171003717472,24.52525650557621
04M02,04M02_2,LS,August,14,1,1,24.762951672862453
04M02,04M02_1,HS,August,21,1,0.9910758552305404,23.467521070897373
04M02,04M02_2,LS,August,21,1,1,23.425532969757064
04M03,04M03_1,HS,August,7,1,0,26.172258543833582
04M03,04M03_1,HS,August,14,1,0,25.97652788104089
04M03,04M03_1,HS,August,21,1,0,26.00709469509172
04M04,04M04_1,HS,August,7,1,1,24.12741456166419
04M04,04M04_1,HS,August,14,1,1,24.235873605947955
04M04,04M04_1,HS,August,21,1,1,23.78974714923153
04M05,04M05_1,HS,August,7,1,1,21.740505200594352
04M05,04M05_1,HS,August,14,1,1,21.53582899628253
04M05,04M05_1,HS,August,21,1,1,21.1934903321765
04M06,04M06_1,HS,August,7,1,0,25.32307578008915
04M06,04M06_2,LS,August,7,1,1,21.335393759286774
04M06,04M06_1,HS,August,14,1,0,24.40663197026022
04M06,04M06_2,LS,August,14,1,1,21.258914498141262
04M06,04M06_1,HS,August,21,1,0,24.621764997521073
04M06,04M06_2,LS,August,21,1,1,21.492796232027764
04M07,04M07_1,HS,August,7,1,0,26.845423476968797
04M07,04M07_1,HS,August,14,1,0,26.74524907063197
04M07,04M07_1,HS,August,21,1,0,27.144749628160636
04M08,04M08_1,HS,August,7,1,0.9435364041604755,22.215780089153046
04M08,04M08_2,LS,August,7,1,1,18.220475482912335
04M08,04M08_1,HS,August,14,1,0.9717472118959107,21.716171003717474
04M08,04M08_2,LS,August,14,1,1,18.210594795539034
04M08,04M08_1,HS,August,21,1,0.7461576598909271,21.358101140307387
04M08,04M08_2,LS,August,21,1,1,18.073019335647
04M09,04M09_1,HS,August,7,1,0,27.695839524517087
04M09,04M09_1,HS,August,14,1,0,27.881553903345726
04M09,04M09_1,HS,August,21,1,0,28.009117501239466
04M10,04M10_1,HS,August,7,1,0,24.98481426448737
04M10,04M10_2,LS,August,7,1,1,23.630564635958397
04M10,04M10_1,HS,August,14,1,0,24.77521933085502
04M10,04M10_2,LS,August,14,1,1,23.509695167286246
04M10,04M10_1,HS,August,21,1,0,24.73521566683193
04M10,04M10_2,LS,August,21,1,0.8383738225086762,23.41941497273178
04M11,04M11_1,HS,August,7,1,0.0029717682020802376,26.589405646359584
04M11,04M11_1,HS,August,14,1,0.001486988847583643,26.780520446096656
04M11,04M11_1,HS,August,21,1,9.915716410510659e-4,26.7108477937531
04M12,04M12_1,HS,August,7,1,0.2867756315007429,24.189093610698365
04M12,04M12_2,LS,August,7,1,1,23.431352154531947
04M12,04M12_1,HS,August,14,1,0.14349442379182156,23.986275092936804
04M12,04M12_2,LS,August,14,1,1,23.413940520446097
04M12,04M12_1,HS,August,21,1,0.19633118492811105,23.894903321764996
04M12,04M12_2,LS,August,21,1,1,23.111303916707982
04M13,04M13_1,HS,August,7,1,0,27.888603268945023
04M13,04M13_1,HS,August,14,1,0,28.20660223048327
04M13,04M13_1,HS,August,21,1,0,28.28598413485374
04T01,04T01_1,HS,August,7,1,0,26.978320950965823
04T01,04T01_2,LS,August,7,1,0,28.911307578008916
04T01,04T01_1,HS,August,14,1,0,27.000193308550188
04T01,04T01_2,LS,August,14,1,0,29.23282527881041
04T01,04T01_1,HS,August,21,1,0,26.906440257808626
04T01,04T01_2,LS,August,21,1,0,29.45253842340109
04W01,04W01_1,HS,August,7,1,0,28.16307578008915
04W01,04W01_1,HS,August,14,1,0,28.752475836431227
04W01,04W01_1,HS,August,21,1,0,28.908805156172534
04W02,04W02_1,HS,August,7,0.10698365527488855,0,21.150416666666665
04W02,04W02_2,LS,August,7,1,0,24.10994056463596
04W02,04W02_1,HS,August,14,0.5531598513011152,0,24.764475806451614
04W02,04W02_2,LS,August,14,1,0,24.04175464684015
04W02,04W02_1,HS,August,21,0.7020327218641547,0,24.85619350282486
04W02,04W02_2,LS,August,21,1,0.07982151710461081,23.95252850768468
04W03,04W03_1,HS,August,7,0.2585438335809807,1,22.25844827586207
04W03,04W03_1,HS,August,14,0.6289962825278811,1,24.078427895981086
04W03,04W03_1,HS,August,21,0.7526028755577591,1,23.953175230566536
04W04,04W04_2,LS,August,7,1,1,22.053001485884103
04W04,04W04_2,LS,August,14,1,1,22.47899628252788
04W04,04W04_2,LS,August,21,1,1,22.558398611799703
20M01,20M01_1,HS,August,7,1,0,26.232184249628528
20M01,20M01_1,HS,August,14,1,0,27.02652788104089
20M01,20M01_1,HS,August,21,1,0.10064452156668319,26.639315815567674
20M02,20M02_1,HS,August,7,1,0,22.451500742942052
20M02,20M02_1,HS,August,14,1,0,22.884907063197026
20M02,20M02_1,HS,August,21,1,0,22.721219633118494
20M04,20M04_1,HS,August,7,1,0,26.50702823179792
20M04,20M04_2,LS,August,7,0.37592867756315007,0,26.03810276679842
20M04,20M04_1,HS,August,14,1,0,27.323873605947956
20M04,20M04_2,LS,August,14,0.6877323420074349,0,29.32891891891892
20M04,20M04_1,HS,August,21,1,0,27.024729796727815
20M04,20M04_2,LS,August,21,0.7917699553792762,0,29.111772072636192
20M05,20M05_1,HS,August,7,1,0.7786032689450223,23.911649331352155
20M05,20M05_2,LS,August,7,1,1,24.177251114413075
20M05,20M05_1,HS,August,14,1,0.8892193308550186,23.92952416356877
20M05,20M05_2,LS,August,14,1,1,24.083687732342007
20M05,20M05_1,HS,August,21,1,0.9261279127416956,23.891323748140803
20M05,20M05_2,LS,August,21,1,1,24.004739712444223
SFM01,SFM01_1,HS,August,7,1,0,24.803432392273404
SFM01,SFM01_2,LS,August,7,1,1,19.529271916790492
SFM01,SFM01_1,HS,August,14,1,0.1962825278810409,24.408490706319704
SFM01,SFM01_2,LS,August,14,1,1,18.018379182156135
SFM01,SFM01_1,HS,August,21,1,0.46405552801189887,22.42849776896381
SFM01,SFM01_2,LS,August,21,1,1,17.171313832424392
SFM02,SFM02_1,HS,August,7,1,0,24.950579494799406
SFM02,SFM02_2,LS,August,7,1,0.2659732540861813,24.778736998514116
SFM02,SFM02_1,HS,August,14,1,0,25.448988847583642
SFM02,SFM02_2,LS,August,14,1,0.42527881040892196,25.27939033457249
SFM02,SFM02_1,HS,August,21,1,0,25.28404561229549
SFM02,SFM02_2,LS,August,21,1,0.4392662369856222,24.995086762518593
SFM03,SFM03_2,LS,August,7,1,0,24.85937592867756
SFM03,SFM03_2,LS,August,14,1,0,25.55625278810409
SFM03,SFM03_2,LS,August,21,1,0,25.468135845314823
SFM04,SFM04_1,HS,August,7,1,0,23.19374442793462
SFM04,SFM04_1,HS,August,14,1,0,23.626966542750928
SFM04,SFM04_1,HS,August,21,1,0,23.502176499752107
SFM05,SFM05_1,HS,August,7,1,0,26.72630014858841
SFM05,SFM05_2,LS,August,7,1,0,26.13924219910847
SFM05,SFM05_1,HS,August,14,1,0,27.47232713754647
SFM05,SFM05_2,LS,August,14,1,0,26.775762081784386
SFM05,SFM05_1,HS,August,21,1,0.1849281110560238,26.583108577094695
SFM05,SFM05_2,LS,August,21,1,0.1338621715418939,26.345096678235002
SFM07,SFM07_1,HS,August,7,1,0,24.705364041604756
SFM07,SFM07_1,HS,August,14,1,0,25.263992565055762
SFM07,SFM07_1,HS,August,21,1,0,25.075280118988598
SFT01,SFT01_1,HS,August,7,1,0,24.77340267459138
SFT01,SFT01_1,HS,August,14,1,0.06394052044609666,25.05838661710037
SFT01,SFT01_1,HS,August,21,1,0.368368864650471,23.414501735250372
SFT02,SFT02_1,HS,August,7,1,0,28.780921248142644
SFT02,SFT02_2,LS,August,7,1,0,27.17258543833581
SFT02,SFT02_1,HS,August,14,1,0,29.708698884758363
SFT02,SFT02_2,LS,August,14,1,0,28.02999256505576
SFT02,SFT02_1,HS,August,21,1,0,29.21045116509668
SFT02,SFT02_2,LS,August,21,1,0,27.878235002478927
